{
  "max_min_x": [
    260,
    -199.74697875976562
  ],
  "max_min_y": [
    415.55120849609375,
    0
  ],
  "max_min_z": [
    290,
    -142.37135314941406
  ]
}